relative_path,tracked_status,size_bytes,sha256
"app/(showcase)/showcase/x03-lab/bridge/depth/page.tsx",tracked,321,137fb333cf745f2b2f5020df94ad727f404fff034a6ea1333576be356d83c790
"app/(showcase)/showcase/x03-lab/bridge/dissolution/page.tsx",tracked,349,8ee994791021031dd5013a2c480568f4460aa3f081c01e0ea1bd4d8552177c29
"app/(showcase)/showcase/x03-lab/bridge/page.tsx",tracked,2361,66164fe0edd710206d92ac0976935ee1677dcb594637473d6f69d367f5adad29
"app/(showcase)/showcase/x03-lab/bridge/projection/page.tsx",tracked,340,83000c83f5c078b7d88ad9b9c87b34e44e3e75ed2384fe9552dae070f051004e
"app/(showcase)/showcase/x03-lab/layout.tsx",tracked,992,465a86694ab504f69886a602689dda4510f7b785e0793443b59d14072248f540
"app/(showcase)/showcase/x03-lab/mechanical/focused/page.tsx",tracked,356,3321a57357c19b6d5c8483fc081651e13e953447bf052ba7038832a0102fb4d8
"app/(showcase)/showcase/x03-lab/mechanical/hybrid/page.tsx",tracked,352,87631960b3dd910861497b410dbfca648b458c000f82b2598c12998f05de7e22
"app/(showcase)/showcase/x03-lab/mechanical/page.tsx",tracked,2596,f2530703facd34edf1232215afc5e30bfd588d4612024303edee978e414728cd
"app/(showcase)/showcase/x03-lab/mechanical/sequence/page.tsx",tracked,364,01160bb429c82cd10b2824757720488d7909c3f75bb5f0c21ca4ffa797688645
"app/(showcase)/showcase/x03-lab/page.tsx",tracked,144,221e804efe9711a8403c9b46ca84bbe3a7e0f6b955f77305166f94110876d88f
"app/(showcase)/showcase/x03-lab/perception/active-perception/page.tsx",tracked,353,75e861dcaf1d4200bb28dc7c622a503673ff15baa9ec0c8a6a72bab1da2a4e96
"app/(showcase)/showcase/x03-lab/perception/page.tsx",tracked,2427,c203346bb529c91d79283edc50e01b25e43598079fffb49e3e42a37a5ff8556d
"app/(showcase)/showcase/x03-lab/perception/possibility-space/page.tsx",tracked,353,0a26d385f0d78fe8cfac5ae90aaa0d5a32eeac7fa9ce17fbd15d64ca3272302f
"app/(showcase)/showcase/x03-lab/perception/world-reduction/page.tsx",tracked,343,13e662698012b84e30a8503ab7fad8c2237ef712bfa896cf6a238af630f3b6f4
"components/showcase/x03-lab/bridge/bridge-shell.tsx",tracked,4074,f428a94bb59b63cf609a8d1e3c78e64c3a0a5df0688baa93d4e5d7b94a5de887
"components/showcase/x03-lab/bridge/bridge-stats.ts",tracked,1437,9279e7e778e0e17c34dfd1146fb65449f694b7d2c354625a7462b329194f7390
"components/showcase/x03-lab/bridge/constants.ts",tracked,1263,63802dff81609009dd4b9073a16b9a67739b3db88bdc28d00e3718c884580147
"components/showcase/x03-lab/bridge/depth-experience.tsx",tracked,512,2d6bc7161bc0675f3a6c34d5fb0764c47a6a2c026611d20486e15d57cfd95dc1
"components/showcase/x03-lab/bridge/depth-mask.ts",tracked,3117,0e2a0a03ac773a19fe44622caefbc1bab7228211a83bc7804629cc3a90508735
"components/showcase/x03-lab/bridge/depth-scene.tsx",tracked,4257,0c9c7472bbe0d792206a207f608a46534aabf508fbd6c0d4d5b4a97ac2cb5220
"components/showcase/x03-lab/bridge/dissolution-experience.tsx",tracked,561,7b5977abb41010e6ab9d6d0e6affe1a077e9bb916f4247f0595dbb9bac42a5a3
"components/showcase/x03-lab/bridge/dissolution-scene.tsx",tracked,5882,b491c78973932e03bd69faa29e32a2c94733cb2926a46754e1e24367a8e75f33
"components/showcase/x03-lab/bridge/projection-experience.tsx",tracked,604,f7e6c62dbc0df839c69419f001d56a9bc64f763f1a47719d9c8affb4501b3b2f
"components/showcase/x03-lab/bridge/projection-scene.tsx",tracked,6041,3a81f87f468e48efb033440d92da90338e3677a66e760de6bfb8b160900d7bbe
"components/showcase/x03-lab/bridge/use-bridge-progress.ts",tracked,1859,a6f75316aa01ea028ba1aea307304eee6c9c7b8a984a9069188230878ca0c14e
"components/showcase/x03-lab/bridge/use-color-texture.ts",tracked,1183,e45225f00dc1a5a4d6159e6d238a6cfcddb8b59c75c189c653b6653aed8d1842
"components/showcase/x03-lab/bridge/use-pointer-parallax.ts",tracked,1198,1ea30fbd4db28a0004dcbf1c0ffd85da720d269eb5113cc37d824786e22c6657
"components/showcase/x03-lab/bridge/use-reduced-motion-pref.ts",tracked,623,ee7e5cfe07b1f325c78540efee69ab31136bc818167e4ddd81a51454cf0990f3
"components/showcase/x03-lab/camera-rig.tsx",tracked,1425,f9e5e88c04faf181990d51338a56f6fc943d3352e7e63d83ccd970426a5a0bf2
"components/showcase/x03-lab/constants.ts",tracked,4700,6c4ca7beddee6abae58814a2383aa6d191c11ca09801d2b7d35c140b95f01e4a
"components/showcase/x03-lab/debug-hud.tsx",tracked,2293,07b3aa7b66497a977e7cff66520664ebfb69a7ea9beea97edcadf25e774df639
"components/showcase/x03-lab/environment.ts",tracked,3826,282263ef6a8de56f3266b325b01f58bee523df001dd39b93c8a32a626661c998
"components/showcase/x03-lab/experience.tsx",tracked,4404,feeed4566e8a4b99f70719556d106bd09c0f953c01e7ae08119260f78dc39653
"components/showcase/x03-lab/field/field-camera.ts",tracked,1777,5877511a1d9e16d3630203bde574b1f2bdbbfc0ebd0901eb596ca2b35a5292ce
"components/showcase/x03-lab/field/pl1-rig.ts",tracked,2295,5a45c31c2fe9c2f9c3bf4041bd9698651af513ab8b315729dc57b846b05924ea
"components/showcase/x03-lab/field/utils.ts",tracked,465,3ae2a910e341d9ed4cbce063b655d75dff8ec86263733626faf17f39d9473088
"components/showcase/x03-lab/mechanical/constants.ts",tracked,1369,673a04f25eabb0c5eb0026d7be2f38f911f9c5663269a1b54592b3e37e220b9f
"components/showcase/x03-lab/mechanical/environment-rig.ts",tracked,2225,f13470ca2b449f12e9e59906b80c15aecdfc08aca0572edbeb3dd49e315d05d1
"components/showcase/x03-lab/mechanical/focused-experience.tsx",tracked,739,5d3d2de9abfadb928932d605fd3696f437c9f30b0c99ed5762a45759969f4d54
"components/showcase/x03-lab/mechanical/focused-scene.tsx",tracked,5971,3543d8913af3592f57e698b5c3a8612c3a14e46b34fc5ef8b6fe86b23ac7e564
"components/showcase/x03-lab/mechanical/hybrid-experience.tsx",tracked,741,2b09b57e04d531b0b86efe045c68748a1f9e65f58eab0eec12b22340b8cd41a7
"components/showcase/x03-lab/mechanical/hybrid-scene.tsx",tracked,6165,a51e8d8f5f9b75ca14ee48dda6b37862dcaa7a4857dc8951c8c98696df66bd2e
"components/showcase/x03-lab/mechanical/leg-rig.ts",tracked,3419,5570be1f09420383368ef0984b69ffed72f64aee87a7f027b55975a9b33c2514
"components/showcase/x03-lab/mechanical/mechanical-shell.tsx",tracked,5094,bc90a936e8b08b61eb9a25190565f2691760f914672559ee41647306dc3fdc68
"components/showcase/x03-lab/mechanical/sequence-experience.tsx",tracked,3514,eda7f96d09b2831fcd606654d726f1e00006dc62c16210dbb49225edc902be27
"components/showcase/x03-lab/perception-material.ts",tracked,6577,3f28395d8cbe58e5c5b147b931bcd26dbdc78b69e000ba5cf3c28874da87b0be
"components/showcase/x03-lab/perception/active-perception-experience.tsx",tracked,734,86565e2e0a830d0b4cd16110c482b4f671cf6d82dba4679c87110f6c964e4ddc
"components/showcase/x03-lab/perception/active-perception-material.ts",tracked,4860,021c7f93089fd7aabe3743061141c4458d82a3bd4e38b963f2c327b18edab4c8
"components/showcase/x03-lab/perception/active-perception-scene.tsx",tracked,3708,84035d8dfb91dd63cbde5c3effa231a4dea79f38eefb5b0ca2f6486cef843113
"components/showcase/x03-lab/perception/constants.ts",tracked,1900,fbfd279d6b88c51db07bcc9cd573beca9d955b8f3526547c62118a95f40975e8
"components/showcase/x03-lab/perception/perception-camera.ts",tracked,1884,84c462ef908f067866c4a8b9e2f9cb76d1d370ffa7d02cb203f4e511785af198
"components/showcase/x03-lab/perception/perception-shell.tsx",tracked,4836,aaa813390c4c553380f99c98ea7eb4f35e573a7adbc1af2f021d64033e0edd1f
"components/showcase/x03-lab/perception/point-along-path.ts",tracked,1218,5687309ed17b5165d1e139f2ba46936a39ffdeef44dd8bc1c4848df76591e99f
"components/showcase/x03-lab/perception/possibility-routes.ts",tracked,6058,18c5c32f1b44679e0833d0eb2bfec5239936ba9a9cd1832708b81435fe00f752
"components/showcase/x03-lab/perception/possibility-space-experience.tsx",tracked,742,aac172128d97542ce8709d22a874cc94fd08743256c02d9ad1052ec32bc1170c
"components/showcase/x03-lab/perception/possibility-space-scene.tsx",tracked,6443,9f408ef4917808750bde40b870c80d99dd6e6d71e86e8cf04272edda6f5bbafa
"components/showcase/x03-lab/perception/world-reduction-experience.tsx",tracked,685,ef52c21bf49fc1047caf126aa811273c4ab8eed7e09c7e009b10834eab36addd
"components/showcase/x03-lab/perception/world-reduction-material.ts",tracked,3757,eab2eb796ab691d3e07b1ac4e338bc7f8679d50b6a794e90fc00eca7cfec7f83
"components/showcase/x03-lab/perception/world-reduction-scene.tsx",tracked,3503,afd696d596c04ff978d3f9484fa8d1f13a7cfe99c345e56279e31ebafb68beaf
"components/showcase/x03-lab/route-path.tsx",tracked,2516,68d3e863f3d0db4d3a9f4067a18234803132b2bddf7ddd861a41d728e689a12c
"components/showcase/x03-lab/route.ts",tracked,5417,b78ef03f736b5c7cf80b1b95e3c67c5f540ac302cd22320be57c8706dacdbc01
"components/showcase/x03-lab/scene-objects.tsx",tracked,2244,94a4a242c81eceb8a5f43a42f32707ed07f882aa6e818e83a62da74e489f060c
"components/showcase/x03-lab/scene.tsx",tracked,1654,e8481038e9a8e5587927c30ef9d4c8e320878bd25fdebc7933dab21daadfa50a
"components/showcase/x03-lab/x03-lab.css",tracked,20427,48a0c3e2b25759e0bd6be479b615962860ceab7f7653a670e84914ae428d9ee0
"public/showcase/x03-lab/frames/A0.jpg",tracked,257523,36f1bceaf5f547fcd68991bcc8a8bc31b8a589692f8e0e304464b1f834c5124d
"public/showcase/x03-lab/frames/A1.jpg",tracked,210665,f6997a3a17db2393d831e40b074db9f193116a0eee19a22ff16aa7f222dc0b4e
"public/showcase/x03-lab/frames/A2.jpg",tracked,54690,aa53958c13b21f6e19e9e608ea24e3af57b466427a7d93ec726bf380baacd1a5
"public/showcase/x03-lab/frames/A3.jpg",tracked,112390,a9559030bdb2fe154faa9d65900663769cf6c167e9f4ad3c2e07ea124db48624
"public/showcase/x03-lab/frames/A4.jpg",tracked,355301,088023e27a201b5562f20d38980ef48468821a167b477708c414052a13846ffc
"public/showcase/x03-lab/frames/A5.jpg",tracked,83499,2ac5991f270027490aa4e9228a9a477f0c55b98a8f1134b879c3eecba2d34b62
"public/showcase/x03-lab/frames/A6.jpg",tracked,153432,021bf9c3e3dffa295916262e6857b63162793283f1f74a7a91f60e44517d5e2a
"public/showcase/x03-lab/frames/B.jpg",tracked,229691,b7371154962d483f02a88f334abd3c5cc900017c14e636b363400e38a624eb8e
"app/(showcase)/showcase/x02-lab/core-v2/page.tsx",untracked,299,058e66b0bc1e7d5fb714ca734534636dda25e949edc2ccb84afb1cee6ac57f41
"app/(showcase)/showcase/x02-lab/fracture/page.tsx",untracked,290,50ef65031a92c31cfc9a595ad19d9e9457390ad508790174fc328d8453409267
"app/(showcase)/showcase/x02-lab/layout.tsx",untracked,836,a98ccc1283b7703ed34523efd4fcfe3539bd0f09dba9f73e621cc75729a707c2
"app/(showcase)/showcase/x02-lab/material-world-v3/page.tsx",untracked,338,c5f6fc258f5beaf9ee35ca66e46288c76da1824c6568ec863288320e61791808
"app/(showcase)/showcase/x02-lab/page.tsx",untracked,150,ae9aa8dc44d741e36e15e98678f6066d30078ef2e0f7549d3ef06b3cda13c7ee
"app/(showcase)/showcase/x02-lab/threshold/page.tsx",untracked,306,bb9a2886b28a8bd9e96da7377be79169d4496c3016ea8b8f0e679f6e31140ec3
"app/(showcase)/showcase/x03-lab/field-action/page.tsx",untracked,332,17a920031b05d610b5a13b32af620c49d1189b269941f5722173039d8d0f2fac
"app/(showcase)/showcase/x03-lab/field/consequence/page.tsx",untracked,342,e79427edc40f71e7c6158a67294e05cc324857f05c0417953b3a535882579c7d
"app/(showcase)/showcase/x03-lab/field/continuous/page.tsx",untracked,342,461575ccf4b5fc0511a9823d2c986743efb4be445a49b8e2e4bc4c95814168b8
"app/(showcase)/showcase/x03-lab/field/page.tsx",untracked,2426,cfb3c69466875af2b0487a9d3528e464161feb165d21ba61ecc3a889d6411919
"app/(showcase)/showcase/x03-lab/field/reentry/page.tsx",untracked,321,dbd10f94b082e725bcf81737dd3812bf64a477fc6c83f36bdd6e7302ee193918
"app/(showcase)/showcase/x03-lab/final/absence/page.tsx",untracked,331,09b0cced373147fa93ec028446d1242f700bb63cbbbfc6842e9057c70d5c73d6
"app/(showcase)/showcase/x03-lab/final/monumental/page.tsx",untracked,338,1143300eacbc0ee31073f09805a2cac742f025421af0116eca78c604baeb704e
"app/(showcase)/showcase/x03-lab/final/page.tsx",untracked,2512,aec4ed62319327208982fcbc4fc52b82971ecaab4889105cfa4b164e006a7464
"app/(showcase)/showcase/x03-lab/final/transformed/page.tsx",untracked,343,54216f1b4fdc41ee77ccf49674fa56213a9d4c9c0d5ca0ae444a4e18cf9d29c5
"app/(showcase)/showcase/x03-lab/opening/approach/page.tsx",untracked,344,df3d1c1790116fee260e958a7eb096fc386a3f4e64e298ba7deaec792bbfc92c
"app/(showcase)/showcase/x03-lab/opening/monument/page.tsx",untracked,340,b6c5138ed3ae4df1cd07b942ca09b2fa10adbc0995609716299b1e115c120e28
"app/(showcase)/showcase/x03-lab/opening/page.tsx",untracked,2702,31bac9e41566ebd86e750057cfacdaa47ee05accaa6c47198b814fd07ad9d683
"app/(showcase)/showcase/x03-lab/opening/presence/page.tsx",untracked,343,42f1130154ea33ccd63bcdfa131e630ee3077b177f6d13e78a529c3fe7475206
"app/(showcase)/showcase/x03-lab/return/bookend/page.tsx",untracked,331,44ca5fccebfecce6a183dbd81d4b33106259c2a652cb8fd28e723a2de06f2c7d
"app/(showcase)/showcase/x03-lab/return/environmental/page.tsx",untracked,360,413cb64385800d110e6e7eabaf0e3ddeb3f1643e603ec377a3d3c2a92978f537
"app/(showcase)/showcase/x03-lab/return/hybrid/page.tsx",untracked,325,997ed2b5debdc1956214511c665009cf89b7a24ca232c0af706ce82f103ac2c8
"app/(showcase)/showcase/x03-lab/return/page.tsx",untracked,2398,6aa30d5a74c66bfcd7a02792dda2cb7d4c5968c5f7bd116d582111f43b6c8a1c
"components/showcase/x02-lab/camera-rig.tsx",untracked,6497,bad014a2a9ea3051b96b8539c3c88ca6fc213feb4acac911058643c0460c311c
"components/showcase/x02-lab/core-v2/camera-rig.tsx",untracked,6528,0cbf45bcc8465f4c34294c0c62be30f5ab2f99e818119ca8c6804daf3094a853
"components/showcase/x02-lab/core-v2/core-v2-experience.tsx",untracked,5850,60f20c7ba0b3dab076a3eba401ef4d9ebe6fa5a448fa40c4b6af83476dcd73ad
"components/showcase/x02-lab/core-v2/core-v2-scene.tsx",untracked,3146,31eba61b24c2d372e6ff0b807ba70688b8c30463e9768f0a4049bce9cc7b6a46
"components/showcase/x02-lab/core-v2/interior.tsx",untracked,7254,3317a47e299d8e77821945e1664cbd4300e7e6ca53cdb661433f9118823f4fb2
"components/showcase/x02-lab/core-v2/shell.tsx",untracked,4353,03adfec92d2d0828a5cb27b57b6d2c9083d739b45b7326f0109480541b86ebd2
"components/showcase/x02-lab/experience.tsx",untracked,5923,f3acc81e668f9038f0d852580e23ad2f416e8683e133f5b29e0369a22829288a
"components/showcase/x02-lab/fracture/fracture-experience.tsx",untracked,2673,aa3b3f7f7e393fc42d3863f7bd6226b2019785133d83c61b6d9d12f9fa93ccc3
"components/showcase/x02-lab/fracture/fracture-scene.tsx",untracked,8078,276943c4e0e48e61e57e120e62a397318b3669c2a529da2ea73b65a8d5b99188
"components/showcase/x02-lab/interior.tsx",untracked,5143,a471941ad11dcf0113de115c2aae183300abb23575a580b7acceee4beb255daa
"components/showcase/x02-lab/material-world-v3/camera-rig.tsx",untracked,4266,4d2f071b732e36fade6d5b797cd0fcca328148bb3114db41d236a68f7a532190
"components/showcase/x02-lab/material-world-v3/column-v3.tsx",untracked,1941,61e809a723a1ed412ba3a7333b01ca12220b32038c8ed97c34ee165e9d943bc1
"components/showcase/x02-lab/material-world-v3/environment-v3.tsx",untracked,3083,5223797c5b855d09e2da664ad7a1537421db8b5bd8b6b65cb42b33909059d628
"components/showcase/x02-lab/material-world-v3/frame-v3.tsx",untracked,4430,0c420356ee225fca7ed78583d806be18bbba0d87c7c05f632cbfba05f45249a5
"components/showcase/x02-lab/material-world-v3/geometry.ts",untracked,6598,aa469ef0d82ec754d113a76de51b1ae3e941e3ae2e744768b193e64014bc6071
"components/showcase/x02-lab/material-world-v3/lighting-rig.tsx",untracked,2015,bd57c2b1324fafb644d6dcc0924c66054fbbccef782af3bc7f6fabda2c2be11f
"components/showcase/x02-lab/material-world-v3/material-world-v3-experience.tsx",untracked,5439,387a22210af7f99fe0531051b9c56f82d664ddba7b09bb658d483186c702cfd4
"components/showcase/x02-lab/material-world-v3/material-world-v3-scene.tsx",untracked,4600,a8a6bfea56c88b9bb8ccd1f97ebe9e6f757be3ed0f816cbf3e37edcae5fb4a14
"components/showcase/x02-lab/material-world-v3/materials.ts",untracked,1899,72696f57d3b8ae3dba39c3361309e498aca19f07c5c817d4c12872a2f7a6391d
"components/showcase/x02-lab/scene.tsx",untracked,3449,4d4a4ced766a089893cf7067554a5ff7d56932eb259d3323a2a8d5eec3d0bee7
"components/showcase/x02-lab/structure.tsx",untracked,3523,3b7a2a41fa3c590713ffa06b38404f04ca71b4c8af13bb7b0a5839c9bb2afe7b
"components/showcase/x02-lab/threshold/threshold-experience.tsx",untracked,5173,7e9448571d515841e65bbfbb535374eec6e2c01f9d52c942f5c07acf307c6936
"components/showcase/x02-lab/threshold/threshold-scene.tsx",untracked,2701,20aac892402fd6d26ebab32262e78c135605aee65060e2f25861e66e14bf6408
"components/showcase/x02-lab/x02-lab.css",untracked,8521,79c44beb5bb44a18fc6bea97955dc8604885fc0076fba8df94acb42d59b0cbaf
"components/showcase/x03-lab/field-action/constants.ts",untracked,4519,f0d34ce66c9ac563d29ebf017fb2570ffd9c9b9b1bba3e87d127863ad8bce921
"components/showcase/x03-lab/field-action/field-action-experience.tsx",untracked,148,f292efcc7486f7a47eeefa0bfac90e9e346019c966b7d927bc08631e0d2750d0
"components/showcase/x03-lab/field-action/field-action-shell.tsx",untracked,7159,bf9ed4a5d67a0f5ea29de2f84c81d472ee2077302a31e097f7154689170ed123
"components/showcase/x03-lab/field-action/sequence-stage.tsx",untracked,9130,46f73fd2c6cb9848c6397838778e8e7f388e22cc960414b58d1f0be599185e8f
"components/showcase/x03-lab/field/consequence-experience.tsx",untracked,679,7b2acbc81e195d0c7fa0463a8a1e38c1221acf9f643966343d3367455dbe41b7
"components/showcase/x03-lab/field/consequence-scene.tsx",untracked,5078,58105760b1b9529bc7991442994d5c02ff69d0262413fbd97781795d0982fcc9
"components/showcase/x03-lab/field/constants.ts",untracked,929,661df2f79b5f3538d9bcef01f28c16520fff17a0b92435079bb514b1143f8852
"components/showcase/x03-lab/field/continuous-experience.tsx",untracked,775,8127effe9d61c89b0573f814ff8540df832324178a42290cb2fd127c356bb052
"components/showcase/x03-lab/field/continuous-scene.tsx",untracked,4765,6ca33239502e6eaeda7ea207206a50dcee5bdb69dbe3614829afd0442b8d35da
"components/showcase/x03-lab/field/environment-rig.ts",untracked,4477,a614228ce4b9e56344a52814d513a5950ae630be0b64a0f65dadaf6708b8e42e
"components/showcase/x03-lab/field/field-shell.tsx",untracked,4878,cc4a04170cd593f72438037f3c4e48886494e4169239c7f368f9b729735a5a09
"components/showcase/x03-lab/field/reentry-experience.tsx",untracked,712,a047b63c9ea9f23902e80b7c4e0479af65543490e6a040614097cf5efb2264d3
"components/showcase/x03-lab/field/reentry-scene.tsx",untracked,5229,52037b4f6b24bcbec38e86c312aee8852c1270a420e7b1a441b532b4d84ee44d
"components/showcase/x03-lab/final/absence-experience.tsx",untracked,3872,b895201a2f0bb2a4613d8dd0d7e4fe8493913e25f8b71dd70a8bfef04a33f414
"components/showcase/x03-lab/final/constants.ts",untracked,2498,89dd0affdaafba42b0ce6910ca50f1e790600b45ec31f90482ef426127de71a0
"components/showcase/x03-lab/final/final-shell.tsx",untracked,2551,b2148f25113dafa1dca9de878526dd07eabb8adedec7133cb4c667aa327ab3ec
"components/showcase/x03-lab/final/monumental-experience.tsx",untracked,3055,ce3b41b15e0698027de6f7b9c7b588fa407d71f5f1199dd3b4dc8ebd0b8e30f8
"components/showcase/x03-lab/final/resolution-mark.tsx",untracked,780,752e37ae971491283eccb6d02502aa23a5912c6c871cac98576d27ce99a635c2
"components/showcase/x03-lab/final/transformed-experience.tsx",untracked,4206,f62ded7279cde3c1005151451e7945c62bf02cbcb8902e6fa3f9951b2d74173f
"components/showcase/x03-lab/final/use-final-progress.ts",untracked,1603,a1bee3d106f1e3716c74da422cf649efc5913c8dee3d13b22e7b78000b2ad29b
"components/showcase/x03-lab/final/world-entry.tsx",untracked,2030,558bd6de635fbab1a29465ec18fc90f8db961a2f174ca0ed8612447edc728f7e
"components/showcase/x03-lab/opening/approach-experience.tsx",untracked,2859,d7a059c421862efcb7a35ec35b9b90c27b27aacd18af209b8aa0ca74e3360bff
"components/showcase/x03-lab/opening/constants.ts",untracked,2387,3f4a593479d8056e6f6a4032f2f8ae2b3dcdcd33e483dffb47ae7b20c455eac2
"components/showcase/x03-lab/opening/identity-mark.tsx",untracked,1605,c66d0faf884ea08b69a1f2713ccda3d9875772519f59470c337b3baded1a8acb
"components/showcase/x03-lab/opening/material-entry.tsx",untracked,3452,7e099c5a1f6ed1f690fed7838177d610c987bc1dd325d1bca11669085e34a679
"components/showcase/x03-lab/opening/monument-experience.tsx",untracked,2747,22526a9f1a940560f92c47bc32a26192bbfeb5da7f06c741915bee114dcea44b
"components/showcase/x03-lab/opening/opening-shell.tsx",untracked,2701,391118678af4ba8a6f14e17d2d2e7d63e912f9e2c0ad324aaf0b17fcc0308ae3
"components/showcase/x03-lab/opening/presence-experience.tsx",untracked,3018,0a18c712ca281b037f206cea410d5091f6c85f36ba7902b173c8233654595d2d
"components/showcase/x03-lab/opening/use-opening-progress.ts",untracked,1728,3393619a368e3b58de759147740044be831849124f047e6935fc163f26782ab9
"components/showcase/x03-lab/return/bookend-experience.tsx",untracked,1852,1c7713a8873eb07cd4cc13da81ef3a5cc95bb88bb969fadf8f32d45008015e45
"components/showcase/x03-lab/return/consequence-hold.tsx",untracked,1510,f5f91a6164213b72ce6fe22cac79eeac1fd66c4d2ad45fe80fe41f84dbb636bc
"components/showcase/x03-lab/return/constants.ts",untracked,1510,7cce0ef8724af3f44d82012291c51b15dc3e4ce97afbf55c7e23273439597f39
"components/showcase/x03-lab/return/environmental-experience.tsx",untracked,2040,37a58862e2723e2cf8980c511417076d4b14a4cf9e570ae092a4ebb73ba7e2a1
"components/showcase/x03-lab/return/environmental-resolve.tsx",untracked,2301,7a61ee845a0e3bcb671271443c246a3d8f1a3d975ee6907c596d954bdd21461e
"components/showcase/x03-lab/return/hybrid-experience.tsx",untracked,2245,af6513c4aecf45d19bf61bad226a7d7c5ef910cd8a66ae5b4a23107e7537a36b
"components/showcase/x03-lab/return/product-resolve.tsx",untracked,1874,d4f10546c7dd630110030209b9bfed6df07534b094a3071c2953f8160638bc34
"components/showcase/x03-lab/return/return-shell.tsx",untracked,2877,16b5c06a340746dc28b17ed6e424aaca53cecf909db8a49a0722c15e7fdea30d
